customer_id,name,email,phone_number,address,city,state,zip_code,registration_date
1,Renee Horne,gregg84@example.org,2364648562,"88358 Nicole Route
West Roberthaven, PR 62642",Lake Lisa,North Carolina,44591,2020-02-04
2,Anthony Walton,brent75@example.net,001-506-431-8338x50414,"5251 Rogers Causeway Suite 074
Schultzborough, ME 34327",Lake Valeriefort,Alaska,81904,2022-12-31
3,Jennifer Dennis,qwhite@example.org,+1-813-908-4550x26144,"338 Johnston Unions
Brandonfort, OR 51982",Walkerchester,North Dakota,82658,2022-05-13
4,Nicole Perez,lori59@example.org,001-799-486-0592x8395,"Unit 3465 Box 7918
DPO AE 69091",East Sheriside,Wisconsin,23930,2022-05-22
5,Jonathan Herrera,schavez@example.com,(207)255-3041,"310 Herrera Trace Apt. 061
Blanchardside, AR 25153",Josephstad,Ohio,76690,2024-05-09
6,Jennifer Smith,christopher04@example.com,615-528-3747x14316,"89241 Kim Loaf
Lake Anita, GA 77369",Trevorport,Nebraska,9132,2023-04-12
7,Michael Strickland,ikelley@example.com,001-382-843-7483x50157,"21414 Meadows Mountain Suite 224
Patrickmouth, PW 75840",South Dalton,Wisconsin,86205,2023-04-29
8,Deanna Robinson,mary66@example.com,246-735-0099,"6944 Orozco Estates Suite 333
Jillianborough, IN 83524",Jonesborough,Minnesota,95079,2022-08-29
9,Kevin Rojas,andersonnatalie@example.com,466.975.3563,"7127 Joseph Curve
East Jonathan, AZ 16807",Scottland,Maine,80782,2023-06-08
10,Maria Holmes,frankanthony@example.net,289-710-4495x7381,"7530 Michael Turnpike Apt. 619
North Jenniferville, TX 97886",Thomasborough,Oklahoma,58496,2020-04-01
11,Debra Ferrell,ayaladonald@example.org,744-795-8061x6071,"1874 Jenny Ramp
Port Susan, TX 42735",Port Ericshire,Utah,26761,2024-08-23
12,Rebecca Rodriguez,fowen@example.net,(964)793-9869x23535,"138 Clark Mews
Lisaton, ID 16474",North Jonathon,Kentucky,93829,2021-12-03
13,Michael Ferguson,johnsonamber@example.com,001-995-925-9959x349,"78279 Pamela Extensions
Bennettfurt, CT 37180",East Donald,Alaska,80000,2024-12-28
14,Chris Walker,qgraves@example.net,001-677-712-1373x4148,"74283 Dan Knolls Apt. 035
Jeremyhaven, HI 21847",South Sandraton,Virginia,86185,2022-06-11
15,Joseph Owens,johnsonbryan@example.org,996-602-4252x5573,"29964 Stephens Roads Apt. 852
Benjaminport, WY 13680",West Brendahaven,Indiana,11936,2024-04-25
16,Johnny George,sara77@example.org,+1-936-603-8381x693,"7254 Brown Stravenue
Bakermouth, MS 89286",New Kaylachester,Utah,44539,2020-01-18
17,Amy Mitchell,rebecca85@example.net,630-630-7160x6593,"PSC 4980, Box 0450
APO AP 76814",New Lori,Utah,59002,2020-03-12
18,Rhonda Mendez,austin48@example.com,+1-638-805-6149,"240 Stephen Ridges
Danielburgh, CO 07326",East Laura,Mississippi,68823,2024-10-27
19,Aaron Conrad DVM,saguilar@example.net,(915)576-8086,"04593 Faith Turnpike
South Jennifer, DE 35596",East Jonathan,Florida,47970,2022-11-01
20,Brianna Palmer,millertimothy@example.com,+1-686-465-9383x3446,"853 Schroeder Fields Suite 854
Watsonhaven, MO 36456",East Benjamin,Kentucky,75260,2023-01-09
21,Christopher Pierce,pharding@example.org,431.418.6503,"56914 Miller Villages
Nathanborough, MD 19678",Reynoldston,Hawaii,55734,2023-07-14
22,Laura Peterson,lgraves@example.net,(454)300-6782x053,"7930 Jones Burg
Lake Adrianshire, FL 76094",West Deborahmouth,Ohio,97232,2020-02-29
23,John Mckay,melissanash@example.com,001-518-505-3534x97838,"7761 Cynthia Extension
Kellyton, ID 91712",New Andrew,Nebraska,21326,2024-03-18
24,Patricia Moore,kimberly46@example.net,001-240-649-7482x8381,"766 Brian Unions Suite 074
North Karlside, MS 23699",Brianside,New Jersey,27820,2023-11-09
25,Jessica Green,coxmichelle@example.net,+1-604-566-9412,"25115 Eileen Junctions Suite 693
South Christina, TX 13342",Smithfort,New Jersey,72983,2024-11-24
26,Jennifer Crawford,uevans@example.org,633-889-0166x6483,"83989 Hernandez Islands Apt. 273
South Gloriaburgh, PR 40631",Nataliemouth,Indiana,60683,2024-11-09
27,Kenneth Cole,stephanie23@example.net,576-330-4640x62435,"743 Kim Burg Suite 151
New Heathermouth, CA 32935",Richardsonshire,New Mexico,65974,2022-07-27
28,Caitlin Noble,davismiguel@example.com,696-647-4998,"546 Baker Cove
Port Courtneyhaven, NY 01848",South Sean,Alabama,54629,2022-05-03
29,Kelly Perez,donna59@example.net,276.855.6240,"7364 Jones Common Apt. 583
West Caroline, NE 77884",Taraville,Wyoming,95277,2022-10-01
30,James Brown,blacktiffany@example.org,(205)979-2034x0676,"143 Aaron Dam Suite 569
Robertston, TX 82040",Smithbury,Iowa,15243,2020-05-27
31,Ashley Hoffman,awinters@example.com,462-344-0189x311,"USCGC Thompson
FPO AA 50549",Morgantown,Arizona,6254,2022-03-14
32,Mary Valentine,arnoldmitchell@example.net,932-437-6178x8361,"19448 Ellen Camp Suite 861
West Leslie, NH 53503",Lake Daniel,Oregon,2520,2024-03-01
33,Dana Brandt,marissahernandez@example.net,001-634-697-2915x373,"683 Katherine Knoll Apt. 367
Andrewshire, NC 25269",West Angelahaven,New Jersey,77007,2024-03-17
34,Robert Sanchez,stevenreynolds@example.com,001-526-454-0861x92458,"643 Bolton Trail Apt. 262
New Stephanie, NY 85822",South Andrewstad,Wisconsin,88316,2024-07-02
35,Jason Robertson,owarner@example.net,(304)272-7656,"8127 Paul Path
West Steve, UT 08471",Jenniferview,California,48117,2020-03-27
36,Jacqueline Hurley,ncabrera@example.org,(350)725-3385,"53957 Quinn Keys Suite 731
Lake Johnview, WV 14749",West Ashleyberg,Nevada,27379,2021-06-21
37,Kim Lewis,andrew22@example.org,333-678-0095x78660,"999 Dawn Mountains
Port Julia, AZ 14249",Lake Patriciaport,Nevada,33698,2022-07-29
38,Lisa Coleman MD,beckcindy@example.net,567.338.0271x55690,"0211 Sean Prairie
East Shannonbury, AS 38084",West Michaelport,South Dakota,53105,2022-08-07
39,Alexis Brown,emilymiller@example.com,(438)440-9692x18326,"63607 Anderson Spurs
Shannonshire, GA 00694",North Rebecca,Texas,6269,2021-04-05
40,Ruth Ball,williamsleroy@example.org,905-233-7223,"77714 Perez Valleys
Lake Sean, UT 62083",South Jeanfurt,Maine,991,2021-07-04
41,Melissa Harrington,pnguyen@example.net,(779)279-1517x60621,"98256 Farrell Run
Fernandezshire, CT 67778",East Stuartville,North Dakota,87494,2023-11-22
42,Jason Wilkinson,gregory06@example.org,528-287-8622x528,"452 Sara Harbor Suite 313
Mitchellstad, LA 12603",Eileenport,Missouri,92463,2021-07-07
43,Melinda Lopez,nathansimmons@example.com,2409229590,"11080 Ashley Road
South Deborah, TX 23146",Lake Maryland,New Mexico,33035,2021-04-05
44,Austin Livingston,brianraymond@example.net,001-783-363-0223x08678,"77091 Chandler Tunnel Suite 085
North Justinshire, WY 93675",East Douglas,Wyoming,16123,2020-03-20
45,Rebecca Christensen,browneric@example.com,001-640-707-2455x14536,"60884 Jessica Dam
Torresstad, UT 78259",Jacobsville,California,24416,2022-01-11
46,Madison Luna,joshua10@example.net,001-989-493-0636,"04723 Nicole Drives Apt. 514
South Ian, DE 70874",West Danielburgh,Montana,94616,2020-06-17
47,Todd Tran,jonathanbrown@example.net,+1-537-440-7469x997,"7741 Pratt Hill Suite 897
Nathanielhaven, PW 41959",Port Victoria,Mississippi,27213,2024-07-26
48,Tammy Fleming,moralesrebecca@example.net,543-265-0870x5364,"9139 Michael Row
Vargasport, NE 55421",Sheristad,Illinois,20882,2020-03-14
49,Glenda Foster,gary93@example.org,(697)983-7942x364,"439 Brittany Plains Suite 104
Crystalburgh, TX 22769",Sonyaburgh,Utah,15256,2023-02-09
50,Kristen Lewis,grantdanielle@example.net,001-875-261-8545,"1843 Sean Highway Suite 446
West Bethhaven, MD 37767",Port Christopher,Arizona,28871,2021-09-23
51,Kimberly Johnson,davidacosta@example.net,001-483-921-1515x3303,"91345 Daniel Avenue Apt. 736
Liutown, MI 66882",Lake Austin,North Dakota,49437,2021-10-13
52,Paul Bell,reneegreene@example.net,(812)539-4456x072,"5521 Kristina Union Apt. 064
Lake Carlamouth, VA 06479",North Ronaldland,West Virginia,54887,2022-08-12
53,Gabriella Haynes,ddrake@example.net,+1-253-710-8162,"Unit 0771 Box 4647
DPO AE 69397",Jenkinsview,Tennessee,32806,2021-12-12
54,Kimberly Jacobson,nturner@example.com,(467)322-4777x55664,"162 Nelson View
Port Benjamin, TX 06756",New Jessica,New Jersey,28278,2021-10-09
55,Mr. Douglas Ramirez,michaelshaffer@example.net,3617611362,"Unit 6675 Box 4986
DPO AP 58749",Gregorymouth,Iowa,49739,2023-04-30
56,Barbara Buchanan,jenniferburch@example.com,2725168142,"060 Gonzales Shoals
New Davidburgh, VA 90327",West Traceyhaven,Utah,73005,2021-11-26
57,Haley Franklin,vincentwatkins@example.com,755.523.3329,"496 Anderson Mount
East Ashleymouth, MP 03677",Evanston,Oklahoma,19412,2023-05-28
58,Rhonda Morgan,williamsjessica@example.com,(750)616-3678,"4539 Jonathan Meadows Apt. 327
Nicoleville, PR 97478",East Timothy,Wyoming,38861,2021-05-10
59,Jason Maxwell,julia78@example.net,(387)514-5570x24731,"9597 Leonard Street
East Abigail, NC 41040",Jimenezstad,Alaska,97467,2020-08-07
60,Lindsay Tran,carrie83@example.org,661.824.0091,"239 Harris Station Apt. 979
East Jade, IN 93582",New John,North Dakota,98670,2021-06-13
61,James Castro,callahanmichael@example.com,(607)822-7846x478,"905 Marcus Extension
Port Ericbury, UT 08814",Ginachester,New Jersey,75733,2024-04-11
62,Melissa Santos,debraperez@example.net,001-567-213-0370x804,"255 Lauren Passage
Larsonport, FL 46213",South Danielle,North Carolina,11983,2021-04-15
63,Scott Banks,castrocolleen@example.org,(409)628-6169x27652,"411 Joseph Lock
Carolton, WI 39045",Lake Cheryl,Kentucky,77247,2022-10-04
64,Tyler Sellers,gortega@example.net,449.590.9480x03169,"495 Carlson Island Suite 211
South Raymond, ID 58295",New Rebekah,Alabama,9668,2020-06-01
65,John Lewis,matthewjohnson@example.net,001-519-878-5939,"7124 Caldwell Cape
Brownchester, FM 83824",Port Michael,West Virginia,22843,2021-12-09
66,Kathryn Griffin,thomas10@example.com,7549335067,"42929 Anne Court Apt. 136
Jenniferport, KY 22291",Port Geneburgh,Ohio,12406,2024-07-04
67,Christina Anderson,carolsummers@example.org,445.271.9906x15405,"3024 Miller Valleys
North Michaelmouth, PR 89890",Castroland,Michigan,69580,2023-10-01
68,Alexandria Castro,yshepherd@example.org,001-231-507-2983x304,"979 Kathleen Overpass
Port Timothystad, FM 58566",Wayneberg,South Carolina,22494,2021-11-23
69,Holly Mclean,hnolan@example.org,+1-466-757-1016x61145,"179 Kristin Drive
Kimberlyville, LA 92789",Herrerabury,Georgia,2804,2021-12-01
70,Christine Barnes,jilltaylor@example.com,740-778-9486x345,"27517 Aaron Mission
East Jason, NE 56714",Luismouth,Delaware,23092,2021-04-21
71,Shannon Ray,joebarker@example.org,(272)657-7262,"746 Moore Harbors Apt. 791
Jamesmouth, MO 97333",New Stephenton,Kentucky,2663,2025-04-18
72,Samantha Houston,jimeneznatalie@example.net,4154878979,"518 Jessica Corner Apt. 975
South Erikborough, GA 26871",Francofurt,Connecticut,6866,2022-08-20
73,David Reyes,ksimmons@example.org,+1-912-835-5907x6266,"87117 Johnson Manors Apt. 506
East Rebecca, CT 28792",South Vanessaborough,Virginia,92687,2023-07-28
74,Adam May,megan14@example.com,672.769.9094x82386,"73496 Wilson Tunnel Suite 609
Anthonychester, CA 87150",Johnsonshire,Iowa,30361,2022-01-10
75,Joshua Miller,christopher62@example.com,712-765-0541x4526,"353 Sean Hill Suite 688
Pamelachester, OR 54886",West Michelle,Massachusetts,74627,2022-10-26
76,Julie Donaldson,cynthiafriedman@example.net,473.498.7412x57758,"15731 Lamb Cliff
East Devinfurt, DC 81411",Chaneyland,Wyoming,56942,2020-10-03
77,Adrienne Simmons,dschmidt@example.org,+1-721-269-5990x53154,"23141 Christina Mount
Traceyville, TN 85689",Port Pamela,Kentucky,62128,2022-11-02
78,James Meyer,moralesmelanie@example.net,434.866.6005x3523,"57522 Brooke Terrace Suite 415
Matafort, NJ 25780",Port Dustin,West Virginia,78682,2023-07-06
79,Julia Roy,fcook@example.net,(357)228-4536,"685 Lindsay View Apt. 792
Andersonmouth, AR 58095",Faulknerburgh,Montana,89704,2020-06-25
80,Cheryl Garcia,brittanyrodriguez@example.net,334.713.9747,"89739 Emily Oval Apt. 120
Robertborough, IL 85874",Tylershire,New York,40563,2024-05-03
81,Michael Pena,crystalgallegos@example.com,+1-260-612-2247,"42904 Hill Light
Cardenasmouth, RI 06558",Jenniferfort,Washington,92180,2021-05-19
82,Joshua Daniels,barrettcrystal@example.com,582.795.5508x4908,"227 Wilson Causeway Apt. 047
Fordfurt, AZ 36410",Lunaberg,Michigan,89336,2020-09-05
83,Krista Bender,denisekennedy@example.org,001-826-938-4565x00758,"Unit 3385 Box 2584
DPO AP 48327",Kimbury,Florida,89773,2020-01-02
84,Jamie Abbott,rodriguezjeremy@example.net,001-832-371-0355,"227 Emily Mill
Solistown, RI 39168",Port Alexander,Arkansas,52326,2024-11-03
85,Bradley Hoffman,jeffrey71@example.net,910.865.7113,"54014 Rodriguez Turnpike Suite 481
South Thomas, TX 92060",North Julieborough,Kansas,79183,2023-07-03
86,Charles King,glenn86@example.net,920.875.9811x737,"134 Elizabeth Landing Apt. 486
Arnoldburgh, KS 97508",Johnshire,South Dakota,50592,2025-03-08
87,Christopher Abbott,jacksonjonathan@example.net,496.998.1135x29613,"202 King Spur
Alexanderborough, OK 28968",South Gary,Rhode Island,66923,2023-08-17
88,John Zhang,rlopez@example.org,001-562-521-6877,"93257 Chapman Manors Suite 098
Maryburgh, ID 44661",Ramirezberg,North Dakota,18822,2020-10-19
89,Yolanda Fletcher,rrodriguez@example.com,001-616-285-1711x4288,"570 Johnson Rest
North Kerri, MP 23661",Paulstad,Oklahoma,42110,2023-11-03
90,Cynthia Brady,woodskatie@example.com,(585)210-4093,"2396 Amy Club Suite 916
Hugheshaven, ND 71608",Carrollmouth,Rhode Island,93639,2020-07-12
91,Elizabeth Edwards,kennedyjustin@example.com,001-359-766-3028,"73438 Ashley Views Apt. 523
Martinbury, MT 17128",Stephaniefurt,Vermont,9947,2020-04-05
92,Sara Chan,wallacerichard@example.org,(486)735-4065x009,"9279 Kimberly Branch
Heatherville, IA 78206",Hensonberg,California,77486,2025-01-04
93,Rebecca Maddox,lleach@example.com,001-622-455-6554,"010 Finley Inlet
East Leslie, AS 90367",Lake Douglasburgh,Georgia,19532,2023-06-15
94,Sarah Hickman,wendy10@example.org,+1-236-808-1313x56131,"85894 Olivia Park
Grossberg, NJ 76035",New Joseph,Nebraska,86079,2020-05-19
95,Carolyn Martinez,rvelez@example.com,952.505.8876,"3489 Foster Brook
Port Brian, ME 40841",West Dillonfort,West Virginia,97585,2020-04-21
96,Joshua Fisher,sanchezjeffrey@example.net,251-237-7033x6189,"USS Gibson
FPO AA 45497",Allenbury,Vermont,2652,2021-04-19
97,Kyle Smith,andrealong@example.com,445.598.0223x05323,"081 Lauren Gardens
Youngburgh, MP 21273",South Robert,Wyoming,13572,2021-12-16
98,Nancy Williams,anthonyhoward@example.com,(205)406-9193,"75498 Cooke Squares Apt. 026
South Erinhaven, NH 75360",Pattyfort,Louisiana,65408,2023-04-08
99,Angela Garrett,jeffrey60@example.com,+1-354-980-5347,"3750 Roger Crossing
New Scottton, CA 37653",East Sarah,Hawaii,90635,2025-02-02
100,Diana Morrison,krausekatherine@example.net,(717)327-4340x62759,"3015 Conner Crest
Walkershire, MA 03666",East Andrew,Missouri,45671,2024-12-01
101,Ashley Hernandez,morrisonchristina@example.net,(316)749-6524x8543,"063 Sims Pike
Port Raymond, NH 57905",West Angela,North Dakota,19138,2022-12-11
102,Thomas Williams,oscargomez@example.org,(234)433-1095x66510,"38354 Cindy Land Suite 545
New Tannertown, DE 58176",Barrborough,Missouri,46896,2021-01-26
103,Brittany Hardin,ocowan@example.org,+1-800-808-8347x3217,"27167 Katie Stream Suite 234
Bennettton, GA 80916",West Robin,Oklahoma,84023,2022-02-08
104,Michael Anderson,jennifergeorge@example.org,(769)824-7387,"54750 Allen Summit Apt. 797
Lake Robertfort, MP 54000",North Joyton,Nevada,95924,2023-05-23
105,Eduardo Cook,mbennett@example.com,932-514-4361x239,"525 Gould Estates
East Terriberg, NV 12085",West Christian,Connecticut,95545,2023-01-25
106,Margaret Lawrence,robert04@example.net,575.799.8534x04924,"2976 Jacobson Groves Suite 261
West Donald, NC 99683",Elizabethbury,Indiana,16348,2020-10-21
107,Patrick Johnson,mitchellmccormick@example.net,+1-692-379-7970x04726,"659 Burke Flat
Barnettfurt, ME 74104",North Matthewtown,Missouri,59814,2021-07-20
108,Mary Michael,nicole37@example.com,+1-705-953-3155x2211,"3084 Mcknight Ramp
North Keithview, IL 32066",Georgeberg,Ohio,25612,2020-03-20
109,Mr. Bryan Pittman MD,caitlintran@example.com,235.722.1711x79361,"6848 Warren Port
Alexandrafurt, PW 81398",Tapialand,North Carolina,46206,2024-03-29
110,Monique Escobar,todd42@example.org,552-251-5720,"5536 Max Manors
Thomasfort, RI 25492",Vaughnfort,Arizona,61767,2021-04-05
111,Anita Whitehead,abigail10@example.com,(462)857-3772x01235,"869 Ryan Estate
New Julieland, FM 97319",Billchester,Missouri,43233,2021-06-11
112,Natalie Medina,uyoung@example.org,662-591-3587x9347,"6179 Jessica Ridge Apt. 916
Florestown, NM 89551",Figueroashire,Washington,34736,2021-02-14
113,Sierra Mccormick,toni30@example.net,+1-335-594-7546x351,"57867 Amanda Unions Apt. 634
Bradleystad, TN 75432",East Robert,Minnesota,98869,2020-12-03
114,Nicole Combs,erica98@example.com,697-606-4371,"558 Hicks Mills Apt. 202
Alexanderberg, UT 06052",Lake Jordan,Wyoming,71911,2021-10-26
115,Daniel Stewart,brentrobinson@example.org,(823)727-5798,"194 William Crossroad Apt. 057
Port Briannaberg, AL 68840",West Maryview,Nebraska,81934,2020-07-22
116,Jacqueline Norris,lisa75@example.com,(785)382-1503,"4806 Francisco Turnpike Suite 677
Castrotown, KY 60435",Leslieshire,Maine,87233,2022-09-29
117,Douglas Watts,housebarbara@example.net,387.994.5299x54686,"9812 Debbie Parks
Jeanville, AZ 95386",Boylehaven,Kentucky,44961,2025-03-23
118,Andrew Rios,gregorythompson@example.com,001-580-225-1320x6814,"01689 John Lodge Suite 128
Whitechester, VA 82289",Sheppardbury,Minnesota,78443,2023-07-28
119,Tina Johnson,oflores@example.com,964.443.2074x49946,"370 Monica Unions Suite 938
West Susan, SD 35969",Walterland,Colorado,96535,2024-03-19
120,Robert Gonzalez,smithnichole@example.net,+1-362-968-4223x4416,"3254 George Road
Garrettfurt, MA 97588",North Christinebury,Connecticut,82597,2023-11-12
121,Brandon Parker,gburton@example.net,537-453-1770x865,"PSC 4494, Box 3509
APO AE 83232",Port Pamela,Minnesota,58948,2024-07-08
122,Warren Bowen,vboyd@example.org,(429)931-8253x536,"977 Hamilton Keys
Joelfort, WI 14470",Kellymouth,Indiana,4947,2021-08-24
123,Regina Johnson,stephaniegreen@example.com,+1-521-241-9986x252,"2936 Andre Ramp
East Juan, SC 10833",Dayview,Tennessee,65007,2021-07-02
124,Cynthia Mason,bweaver@example.org,+1-960-362-5124x459,"38919 Jeffery Heights
South Jon, ME 41786",Hooperberg,West Virginia,87216,2021-12-05
125,Amy Martinez,vwallace@example.org,7575606010,"USNV Smith
FPO AA 48901",Martinmouth,Georgia,99468,2022-04-18
126,Jennifer Salas,jamesgonzales@example.org,360-515-8757,"Unit 1749 Box 2217
DPO AA 54576",Rayfurt,North Dakota,40573,2021-05-12
127,Sarah Adkins,jonathan52@example.org,889.953.7766,"107 David Rest
Lake Dawn, ID 20206",Kendramouth,Delaware,16992,2020-07-18
128,Christopher Frye,ngarcia@example.org,438.632.2820x83957,"93373 Walker Ramp Suite 883
Brianfurt, AR 71310",East Andremouth,Massachusetts,44090,2022-04-08
129,Dr. Evelyn Arias,danny55@example.net,+1-300-314-9382x48287,"795 Tracy Hollow Apt. 506
Deniseville, KS 24794",West John,California,64913,2020-03-30
130,Andrea Scott,william91@example.net,504-981-6591x94431,"63601 Catherine Radial Apt. 963
South Laura, KS 94665",Carrmouth,Maryland,16793,2020-01-30
131,Brad Wilcox,steelelaurie@example.net,001-356-462-2202,"91765 Connie Neck Suite 865
South Jacquelinefurt, MS 28177",South Rhondabury,Texas,26608,2020-08-01
132,Jason Gonzalez,hughesnicole@example.net,+1-277-223-9312x259,"4389 Jamie Tunnel
Rowehaven, AR 80787",Bakerfurt,Illinois,72681,2021-05-15
133,Alexandra Smith,pgriffin@example.org,688.909.4215x18127,"2629 Amy Garden
Robertview, FL 26853",Lake Heather,Oregon,12519,2020-11-11
134,Kristen Greene,rangelgregory@example.net,896.372.2652x99283,"6322 Jamie Trail Suite 240
Thompsonmouth, WY 25596",South Virginiaview,Pennsylvania,29421,2020-11-11
135,Phillip Brown,travisprice@example.org,980.253.9769x23889,"03164 Gabriel Meadow Apt. 386
Sharonchester, FL 23961",Port Anthonyside,Nevada,88549,2020-05-27
136,Jennifer Snyder,briangilbert@example.com,5952164429,"55948 Sonia Streets Suite 424
Glassburgh, NC 34586",New Kristen,Indiana,60509,2020-12-07
137,Louis Manning,mariahcollins@example.com,(764)969-8860x89353,"4464 Rose Island Suite 758
South Kelly, ME 64118",Clarkeberg,South Carolina,22658,2024-01-18
138,Raymond Kennedy,ronaldhogan@example.net,001-720-374-5227,"9071 Bruce Shore Suite 239
Lake Tony, NM 63965",Port Rubenmouth,Missouri,10729,2024-12-28
139,Rachel Marshall,carolday@example.org,+1-579-903-0785x9095,"86375 Walker Gardens
Anthonyfurt, NM 98942",Jordanfort,New Jersey,60479,2020-10-04
140,Sheryl Ruiz,brucecarol@example.com,2993620214,"0159 Duncan Mountain
Ronaldville, LA 23908",Port Kristina,Utah,23163,2024-07-16
141,Luis Harrison,dmartin@example.com,001-380-802-6164x1299,"340 Brian Extension Suite 197
Lopezmouth, KS 93279",Davidview,Alabama,44443,2020-03-18
142,Amy Garcia,alexisrichards@example.net,5829426298,"Unit 6151 Box 6973
DPO AA 84909",Brianstad,North Carolina,94703,2022-10-19
143,Matthew Romero,bgibson@example.net,+1-326-622-2478,"82454 Claudia Plain Apt. 357
Thompsonhaven, ND 45474",Wendyland,Nebraska,5237,2022-09-06
144,Edward Barton,macdonaldjohn@example.com,532.276.6674x83634,"962 Reid Mews Suite 438
Shawnfort, GA 13781",Kaylafurt,Hawaii,47340,2022-11-07
145,Gabriel Cruz,baileycarlson@example.org,905-601-9931x33914,"207 Nolan Glens
Rodriguezfurt, AK 74926",East Antonio,Hawaii,92996,2025-01-31
146,Kenneth Watts,shepherdadrian@example.org,485.688.6145x5663,"09894 Elizabeth Plaza
Joshuabury, AS 11515",Morganfurt,Utah,69069,2022-09-29
147,Adrian Miller,michael10@example.org,630.642.3739,"208 Stephanie Ranch Suite 894
Maybury, UT 46086",Jennifertown,New Jersey,61246,2022-07-07
148,Amber Baker,zachary39@example.org,229.401.8967x65578,"546 Butler Fields
Hendersonborough, CO 35200",New Danielfurt,Connecticut,42333,2024-02-17
149,Alexander Tran,theresawillis@example.com,844-973-7036x22661,"141 Danielle Passage
East Lindahaven, VA 67701",North Jamie,Kansas,2447,2024-01-04
150,Theresa Bailey,carsonlawrence@example.net,861.805.0009,"6124 Johnson Walks
Ramirezstad, WA 89467",Thompsonfurt,Arkansas,89177,2025-02-13
151,Omar Bell,james48@example.net,219.936.1682,"66555 Henderson Lodge
Lake Janet, MD 40718",West Jacob,New Jersey,59406,2022-04-11
152,Jessica Crawford,christopherlewis@example.org,717.231.6681x82114,"02482 Ramos Station
Samuelside, WY 15926",Tracystad,Pennsylvania,43997,2022-07-05
153,Beverly Larson,michaeldickerson@example.com,001-726-831-4487,"776 Todd Curve Suite 524
East Gregory, AR 26036",South Nicholas,Delaware,5624,2024-08-24
154,Scott Shaffer,martinezrodney@example.com,950.988.0031x7550,"5518 Lopez Haven Apt. 201
North Kristymouth, HI 71742",Brettshire,New Jersey,81245,2024-10-12
155,Robert Elliott,vsparks@example.net,(817)233-9682,"72965 Owens Falls
Dixonport, CA 33088",Lake Ashleyside,Kansas,96419,2024-04-01
156,Jimmy Adams,jamesperkins@example.org,250.793.4514,"PSC 2169, Box 9343
APO AA 55350",Brianton,Kentucky,14224,2021-02-20
157,Mark Morales,katiehernandez@example.org,(731)521-6113,"39109 Green Groves Apt. 422
Ellenview, MH 77042",Oliviachester,Oklahoma,82100,2023-10-25
158,Anthony Stokes,smithelaine@example.org,207-884-4179,"256 Andres Ridge
Piercehaven, ID 27748",Kevinview,Georgia,45140,2024-08-17
159,Preston Herrera DVM,thomasnicholas@example.org,+1-862-256-1101x53845,"Unit 8497 Box 6427
DPO AA 10847",New Jessica,Missouri,97549,2023-12-16
160,Julia Hinton,ujohnson@example.org,(921)465-0104x008,"204 Pierce Bypass
Port Christopher, WY 93485",South Carlosstad,Wyoming,18163,2020-04-04
161,Christopher Hull,leekenneth@example.com,8299413408,"2700 Angela Tunnel
North Jonathan, CO 60156",Charlesbury,North Carolina,87813,2025-03-15
162,Andrea Mitchell,huntandrew@example.com,571.471.2870x333,"Unit 2855 Box 2223
DPO AA 08548",Royhaven,Mississippi,14279,2023-06-09
163,Anthony Baker,kchristensen@example.net,6416020941,"609 Brianna Turnpike
Lindaview, IA 70022",Patelbury,Arizona,39743,2022-06-05
164,Travis Richardson,pmartin@example.org,(501)317-3548x07443,"590 Smith Lake
East Roberta, KY 22881",North Rachelfurt,Tennessee,71501,2022-05-19
165,Laura Wise,alisonlopez@example.com,(798)309-1945,"99390 Brown Park
Kington, MH 28320",South Samanthaberg,Montana,81268,2021-10-19
166,Ryan Joseph,philip72@example.net,(892)603-5043x40709,"62625 Samantha Expressway
South Ryanton, AK 72089",Mistyport,Oklahoma,83258,2025-01-21
167,Jennifer King,gina09@example.org,683-840-3326,"Unit 7958 Box 2903
DPO AA 11357",West Bonniefort,Delaware,90393,2020-02-15
168,James Fisher,april51@example.net,297-788-8722x196,"11922 Audrey Motorway
Port Barbaramouth, FL 42941",Seanberg,Arkansas,53714,2022-12-01
169,David Cruz,emurphy@example.net,5253862584,"223 Miller Causeway
Perezfort, AL 59004",Jenniferstad,New Hampshire,91159,2021-04-09
170,David Grant,nbrown@example.org,(496)833-8818x3096,"30910 Rebecca Lakes Suite 286
Gregorymouth, OR 75395",New Patricia,Kentucky,5791,2022-06-02
171,Sean Williams,kennedykristen@example.com,(211)777-8622x512,"1991 Gray Union
South Josebury, FM 16784",Codyview,Florida,88640,2024-04-19
172,John Castro,acarter@example.org,+1-462-666-0352x5046,"462 Barrett Springs Suite 123
Johnfurt, AL 63532",East Janet,Arizona,7457,2025-04-03
173,Ashley Hernandez,yburns@example.org,325-272-9285x985,"72478 Flowers Keys
Michaelhaven, AS 50702",Lake Matthew,North Dakota,11273,2022-07-13
174,Kellie Parker,jonestonya@example.org,713-459-0425,"35782 Jason Lodge Suite 912
New Monica, DE 17642",New Thomas,Texas,33436,2023-10-08
175,Adrian Lee,kingmichaela@example.net,615-654-9177,"3339 Wilkinson Port Apt. 696
North Jamestown, TX 50519",Donaldberg,Nebraska,23643,2022-09-23
176,Ashlee Parsons,jenkinsdaniel@example.net,557.400.0872,"33792 Peck Drives Suite 821
West Zachary, OK 07312",Timothyhaven,Maine,37065,2021-06-14
177,Jennifer Neal,marytaylor@example.net,(979)855-0416,"3226 Kelly Lock
Hancockberg, RI 38878",Port Robert,North Carolina,72541,2025-03-28
178,David Flowers,cstone@example.com,993-382-7805x670,"9460 Brooks Circle Suite 375
South Toddberg, WV 27981",North Victoria,Alaska,21534,2024-05-25
179,Sean Campbell,steven12@example.org,001-737-502-1812,"9949 Joseph Estates
Port Alexis, SC 76235",Evansland,Florida,33506,2023-06-21
180,Charles Molina,laura99@example.net,(568)889-0096x3712,"0947 Charles Spurs Suite 906
New Patricia, HI 47917",New Matthewberg,Alabama,91490,2023-04-15
181,James Campbell,brianellis@example.org,+1-574-582-0041x97608,"55818 Patricia Pine Suite 761
West Brianside, NC 73761",East Christopher,Vermont,76869,2022-05-08
182,Terri Williams,boothcody@example.net,571-655-5251x4247,"6271 Anderson Court Suite 702
West Jennifer, OR 80332",North Catherineville,Kentucky,39095,2020-09-26
183,Roger Willis,melissa30@example.com,(541)774-0670x34391,"Unit 8604 Box 8145
DPO AE 06303",South Natalieborough,Arkansas,82398,2023-08-19
184,Mitchell Stone DDS,michellebuckley@example.org,751-932-9467x97862,"4843 Duran Mission Apt. 919
Freemanport, CO 55115",New Jessica,Arizona,32996,2024-05-29
185,Carl Marks,matthew09@example.com,+1-957-682-9860x350,"29663 Carlson Extension Suite 577
Port Christopherfurt, MT 55757",Greenechester,Rhode Island,46104,2020-02-29
186,Timothy Lee,riversrebecca@example.net,(495)998-6315x007,"25321 Francis Falls
Lake Jonathan, VA 88906",Thomaston,Alabama,70392,2020-05-20
187,Aaron Neal,imcbride@example.org,919.817.0972x075,"7578 Baldwin Mountains Apt. 067
Klineport, FL 60064",Summerbury,Maine,47560,2024-09-21
188,Michelle Petersen,david20@example.com,+1-682-558-5556,"422 Zachary Track Apt. 437
East Rodney, MS 24389",Hornbury,Vermont,51832,2023-05-27
189,Troy Buck,browncynthia@example.net,001-936-808-7866x36303,"511 Katie Loaf Apt. 622
New Brandon, VI 60580",Stephanieport,Georgia,74335,2025-02-25
190,Anthony Chase,whall@example.net,434.741.9579,"134 Williams Course
West Alice, AR 56519",North Joseph,Kansas,64209,2020-12-14
191,Katelyn Jenkins,michaelpatel@example.net,6193508048,"39217 Henson Mall
Larryfurt, RI 66419",Meyerton,Hawaii,1751,2020-05-25
192,Heather Richardson,richard00@example.net,(902)291-3002x022,"4903 Hawkins Ports Suite 768
New Robertland, OH 29459",South Stephaniestad,New Mexico,80471,2024-05-11
193,Laura Powell,abrown@example.net,293.755.9069x042,"1484 Quinn Creek Apt. 079
South Stevenstad, NY 35299",North Beverlyshire,Montana,83163,2022-12-02
194,Natalie Nguyen,tammypowers@example.org,001-962-687-4722,"11588 Dickerson Ridge
West Matthew, RI 40456",Huynhshire,South Dakota,2165,2024-03-13
195,Hector Wilson,aguilarshelly@example.com,6206460107,"Unit 8117 Box 0810
DPO AP 94589",North Steveburgh,New Jersey,54695,2022-03-28
196,Suzanne Ross,qarroyo@example.net,(517)701-0301x060,"36703 Williams Ramp Suite 822
Riceshire, MS 09859",South Colleenside,Alaska,25003,2024-01-20
197,Timothy Thornton,lmiller@example.net,001-628-340-5946x805,"28276 Burns Road Apt. 230
Adamsberg, GU 33659",North Darren,Louisiana,67002,2020-10-28
198,Linda Foster,ewright@example.org,529-252-9830x87079,"52181 Stone Crest
Lake Christopherview, CA 91618",East Jason,North Carolina,97852,2021-07-14
199,Richard Watts,kmartinez@example.com,(639)629-9024x37013,"3209 Toni Lakes
West Daniel, KS 63848",Clineland,Delaware,46290,2023-07-07
200,William Diaz,jacob06@example.net,595-891-8834x30094,"411 Stark Meadows
Lake Jasonshire, MI 16814",West Angiehaven,Ohio,93776,2023-12-23
201,Alejandro Parker,uzimmerman@example.net,214-765-9646x10553,"6275 Rodriguez Cape Apt. 268
Dawnview, NE 95113",East Aliciastad,Pennsylvania,43712,2024-01-11
202,Andrew Rogers,mryan@example.net,686-761-2474x759,"5680 Sosa Summit Apt. 697
South Trevorport, FM 51606",West Ricktown,Oregon,11458,2024-08-14
203,Gregory Larsen,lisa83@example.org,994-590-1523x2182,"80309 Phillips Mills
New Rickeyview, MI 30053",Robinsonshire,Kansas,81881,2021-02-14
204,Stefanie Johnson,michelle35@example.org,(435)949-9155x405,"USCGC Rodriguez
FPO AP 87232",East Christine,Iowa,90802,2022-05-15
205,Keith Wilson,agibson@example.com,+1-506-759-3039x6311,"038 Williams Villages Apt. 180
East Traviston, CO 67262",Smithmouth,Nevada,30269,2020-05-18
206,Abigail Cook,mary96@example.org,914.758.0763,"794 Richardson Radial Suite 396
New Zachary, WA 03892",New Eric,Mississippi,85656,2023-01-21
207,Matthew Powell,pjones@example.com,384-308-9639x7334,"PSC 9236, Box 9681
APO AP 30959",Lake Amyland,Missouri,47827,2020-09-10
208,Mr. Eric Hawkins,popealyssa@example.org,976-231-5210,"638 Brown Freeway Apt. 731
New Kathleen, NV 03830",Angelahaven,Wyoming,22719,2021-11-11
209,Matthew Hester Jr.,eric74@example.org,001-986-201-1566x87743,"879 Ebony Prairie
Stevenmouth, MS 38728",Lake Loriland,Georgia,60270,2021-04-12
210,Tiffany Clark,julie56@example.org,693.463.1758x2886,"3452 Jeffrey Glens Apt. 095
Port Jamesville, RI 48692",Donaldland,Pennsylvania,15523,2023-02-25
211,Adam Alvarez,swilliams@example.com,(849)684-3984x2114,"8019 Duarte Loaf Suite 549
Goodmanfurt, OH 29730",Lake Jillton,Montana,81510,2023-09-06
212,Michael Cohen,erinwallace@example.com,877.817.1500x02078,"115 Gregory Passage
North Gregorybury, WY 56634",Lake Linda,North Dakota,70266,2022-01-07
213,Logan James,david99@example.net,963.246.6089x505,"05144 Leach Fields Apt. 105
Woodfurt, GA 18967",Lake Kellyville,Alaska,17414,2022-10-18
214,Anna Warren,cherylhorn@example.org,001-850-421-1695x03620,"1088 Murray Junctions Apt. 388
Lake Kellymouth, ME 25578",West Marymouth,Texas,22112,2025-01-19
215,Jack Cruz,tylerhouse@example.com,001-213-929-9081x1809,"7835 Small Junction
New Josephfort, SD 35986",Amberburgh,Alabama,28188,2022-12-23
216,Ethan Adkins,ramosheather@example.net,+1-899-581-3845x16737,"852 Kathryn Trafficway Apt. 170
Matthewhaven, UT 13300",East Timothy,South Carolina,89294,2022-01-16
217,William Mayo,parkbrandon@example.net,+1-707-821-7993x2031,"57245 Mary Knoll
South Tina, DE 08614",North Brianview,Tennessee,70190,2020-07-29
218,Jill Munoz,kellyamanda@example.com,464.635.4237x878,"262 Frazier Roads Suite 148
Rodriguezberg, CT 81745",Port Patricia,Missouri,14676,2024-02-17
219,Robert Bailey,michael20@example.com,001-763-453-4795x718,"659 Kim Villages Suite 384
North Michaelport, WA 73222",East Jean,Massachusetts,85339,2023-10-02
220,Lisa Williams,suzannejohnston@example.org,(202)697-7444x1302,"53281 Julie Shoals
Williamstad, NV 08245",South Jim,Vermont,35139,2024-04-28
221,Cindy Burns,melissadominguez@example.net,(821)794-2453x919,"8554 Alejandro Inlet Apt. 733
Allenview, NJ 94901",South Hannah,Texas,44546,2022-05-18
222,Nicole Cook,jenkinstheresa@example.net,+1-633-205-2250,"715 Roger Mount
North Rebeccachester, NJ 25229",Tiffanyborough,Missouri,90105,2020-06-23
223,Stephanie Sherman,darrell13@example.org,(263)971-1641x1744,"004 Natasha Corners
East Amyville, ND 94686",West Johnny,Maine,78963,2024-03-31
224,Stephanie Alexander,caseymegan@example.net,237-540-6538x47050,"675 Hunter Gardens Apt. 443
South Kylechester, OK 55459",North Laura,Maine,70253,2023-03-26
225,Philip Robinson,hansonjohn@example.com,4998146368,"Unit 2651 Box 6555
DPO AE 34053",Laurabury,Oregon,50602,2022-09-19
226,Kenneth Shaw,anthony38@example.org,7656220279,"868 Smith Mission
North Brianside, CT 20503",Nelsonborough,South Carolina,85004,2023-11-06
227,Jeanne Deleon,daniel99@example.net,+1-344-344-0848x45378,"40294 Diane Junction
Port Gailchester, VA 30199",South Christopher,Maine,45370,2021-07-07
228,Brian Figueroa,julie76@example.net,2477118904,"87170 Brian Roads
Stoneburgh, NE 35750",East Brittanyshire,Louisiana,63996,2025-01-19
229,Emma Bowen,phillipspamela@example.com,717.508.5844x97676,"PSC 9229, Box 0232
APO AP 22935",Hickmanberg,North Carolina,98979,2020-06-08
230,Jesse Rivera,johnsondeborah@example.net,889.658.2178x93446,"1503 Tammy Fort Suite 389
West Thomasburgh, NY 47860",South Marcus,Maryland,36617,2024-06-27
231,Jessica Yoder,jamie23@example.net,(294)768-2257,"USS Dawson
FPO AE 56623",Port Trevorbury,Wisconsin,27093,2023-12-27
232,Peter Reyes,justin11@example.net,2144399837,"613 Robinson Pines
East Sheri, OK 31429",Lake Vincent,Maryland,31457,2024-04-09
233,Cynthia Johnson,barberkayla@example.org,(987)447-5600,"859 Candace Islands
Reidside, PR 51506",East Gregory,Indiana,24522,2025-04-21
234,Brian Nelson,hudsonsharon@example.com,3832135197,"690 Amanda Hollow
Robertfurt, AR 15088",Dianemouth,Hawaii,64303,2021-05-15
235,Cassandra Ramirez,leslie90@example.net,(624)417-9273,"184 Garcia Road Suite 543
Rodriguezfort, ME 48776",West Melissaview,Arizona,69306,2022-07-10
236,Matthew Parrish,edwardholt@example.com,001-795-337-8450x13322,"84092 Jose Bypass
Kellyside, IN 30488",South Holly,Missouri,24901,2023-04-17
237,Beverly Tyler,james47@example.org,+1-487-963-2627x44836,"1873 Donna Summit
Hernandezhaven, SC 09514",Port Christopher,Kentucky,53383,2020-09-11
238,Kristin Gomez PhD,stephanie23@example.com,+1-585-866-4067x52161,"502 Derrick Row Apt. 779
Bonniemouth, PW 53751",Lake Sarah,Ohio,34378,2023-03-21
239,Lori Weeks,ywilson@example.org,+1-899-889-1666x98069,"Unit 5142 Box 5921
DPO AP 93777",Loganborough,Connecticut,87922,2020-04-05
240,Angelica Johnson,rachel53@example.net,001-872-700-6271x27214,"003 Ellis Circles
West Julie, VA 24483",West Cynthia,Arkansas,75266,2023-04-05
241,Lisa Graves,catherinegeorge@example.net,3877648081,"839 Michelle Route Suite 758
Port Maureenmouth, NC 47671",New Jennifer,Minnesota,46947,2024-06-05
242,David Perez,landerson@example.org,818-908-2069x41156,"04527 French Ports
Petersberg, PW 44541",New Brian,Hawaii,39345,2023-01-27
243,Jacob Sherman,mark34@example.org,4414408510,"37188 Scott Island
New Edwardbury, MT 92887",New Tammytown,North Carolina,69121,2024-06-25
244,Mr. Ryan Atkinson,judycooper@example.org,228-937-7955,"0649 Christine Coves
Wattsport, GU 08142",Port Erica,New York,78008,2022-01-21
245,Jeffery Peterson,stevemorgan@example.org,6633693046,"4007 Aguilar Center
Joville, WA 10717",Lopezshire,New Mexico,72043,2022-06-29
246,Angela Gordon MD,beverlypeters@example.org,(610)344-3422,"790 Castro Ranch
East Madison, AS 79435",West Jamesfort,Washington,92606,2020-07-10
247,Michelle Hawkins,crogers@example.com,280.931.6832x587,"1634 Melissa River Apt. 899
Lawrencechester, AL 48473",New Patricialand,California,33129,2020-10-04
248,Robert Oconnor MD,mrios@example.org,+1-407-988-0877x3165,"8583 Pope Lake
New Cameronland, ND 27993",West Evanland,Wisconsin,18308,2022-03-17
249,Alyssa Moreno,michaeldavis@example.net,(230)442-1513,"61669 Jones Loop
Rachelville, WI 64053",New Justinmouth,California,62538,2022-03-25
250,Timothy Stafford,mark17@example.net,+1-970-386-4703x27866,"798 Lane Mountain
West Dustin, TX 31165",Lake Martinbury,Maryland,37776,2023-09-12
251,Garrett White,kevinrussell@example.com,+1-736-306-1016x727,"1149 Scott Mountains Suite 861
New Eric, ME 62582",Lake Georgeland,Texas,25029,2021-08-13
252,Adam Bradford,joseph11@example.com,774-748-2295x513,"406 Michael Tunnel Apt. 685
Chandlermouth, AR 95311",East Bradleytown,Oklahoma,45130,2022-11-22
253,Alexandra Hernandez,jason78@example.com,+1-346-503-8695x066,"70969 Hernandez Harbor
North Hollymouth, MT 83071",Michellebury,Alabama,24908,2021-12-09
254,Judith Simpson,colleennichols@example.org,880-788-3672,"Unit 5283 Box 6313
DPO AA 24181",Allenborough,Maryland,51431,2021-06-28
255,Allison Christian,jasoncohen@example.com,808.938.5190x64861,"PSC 7677, Box 3377
APO AP 82671",Ashleyport,Kentucky,85957,2022-02-12
256,Traci Delgado,janeclark@example.org,(222)259-3985x6432,"45574 Mckee Point Apt. 679
Dylanchester, MN 78201",Amandaside,Michigan,4219,2022-07-14
257,Daniel Cook,crobinson@example.org,(606)401-2038x00065,"3050 Ford Crossroad Apt. 121
Pattersonhaven, NH 45644",Prestonport,Georgia,3851,2021-02-06
258,Michael Patrick,huffmanthomas@example.net,001-699-581-6018,"0298 Sierra Mountains
Jordanton, IL 69762",Port Catherineburgh,Wyoming,61432,2021-04-22
259,Tracy Miller,jamiemaxwell@example.org,769-769-8219x85625,"94140 Crystal Ranch
New Danny, VT 32138",New Kevinburgh,Mississippi,63669,2023-12-09
260,Jason Bartlett,john10@example.org,402-709-8264x179,"07223 Wilson Mall Apt. 842
Trevorburgh, ND 73434",Hornland,Indiana,88297,2021-10-29
261,Brian Torres,nicolereed@example.net,(266)642-9664x12767,"6315 John Tunnel Suite 927
Angelaville, DC 03556",Thomasmouth,Alaska,21436,2023-03-27
262,Joseph Wood,allencarrie@example.net,(221)520-3738x45951,"3285 Padilla Ford Apt. 013
Cynthiaport, WI 11082",West Miketon,Mississippi,77616,2024-09-17
263,Harry Mahoney,leslie14@example.net,800-541-2947x80593,"196 Jacobs Plains
Lake Maria, MH 83748",South Jesseside,North Dakota,14747,2022-10-10
264,Misty Nelson,jenniferhanson@example.com,928-245-1236x6917,"4569 Reynolds Park Suite 437
Taylorfort, MS 94802",Christopherberg,Nevada,54410,2023-03-21
265,Gina Griffin,dominiquesmith@example.org,+1-377-282-3614x21695,"3350 Murray Junctions Suite 112
Port Nathan, RI 43997",Phillipberg,Vermont,54251,2023-12-05
266,Lauren Torres,alvarezkaren@example.org,001-346-969-6042x68132,"2950 Hamilton Course Apt. 769
North Elizabethburgh, VT 62174",West Maria,Hawaii,57214,2020-12-15
267,Danielle Garcia,mcdonaldsarah@example.org,790.397.1365,"719 Taylor Gardens Apt. 408
East Stacy, ID 54024",North Shelby,Virginia,70520,2020-02-06
268,David Hunter,john04@example.net,+1-515-321-4517x40746,"78386 Williams Gardens Suite 356
Carterborough, MI 60663",Port Michael,Michigan,91712,2022-11-15
269,Eric Mcintosh,brandi96@example.org,559.958.5101x35134,"834 Ferrell Forge
Sarahmouth, FL 75528",West Janetstad,Wisconsin,82657,2020-11-16
270,Alexander Bean,jessicaparsons@example.org,589.918.0903x760,"360 Garrison Cliffs
West Seanhaven, OK 62853",East Paige,Pennsylvania,52091,2020-03-19
271,Dennis Neal,ckennedy@example.net,811-851-7135x2254,"58941 Megan Curve
Brownbury, OR 26805",Port Joseph,Illinois,26101,2020-09-15
272,Patricia Khan,andrewwiley@example.com,944-571-9720,"38009 Anna River
Lauraville, AL 02922",West Alexis,Ohio,47894,2022-01-26
273,Mark Green,robert13@example.org,(428)485-5121x19282,"8314 Stout Mills Suite 798
Lake Edward, VA 75326",Lake Timothy,Arkansas,49729,2024-03-12
274,David Fry,mmiller@example.net,(515)531-8762x1278,"734 Marc Plains Apt. 793
Franciscoport, GU 18987",East Alexander,Mississippi,28154,2021-01-19
275,Julia Love,richardnguyen@example.org,693.429.5969x39902,"7433 Tiffany Locks
Port Nathanielchester, SD 82474",Petertown,Alaska,38921,2022-01-16
276,Heather Allen,gowens@example.net,912-781-6460x4770,"Unit 2233 Box 6947
DPO AP 45796",Paulchester,Ohio,84590,2024-06-19
277,Stefanie Garrison,mossbruce@example.net,490.773.0194,"4602 Smith Route Apt. 322
North Rebeccatown, KS 65780",East Davidstad,North Dakota,30603,2023-02-06
278,Kelsey Sanchez,morenolauren@example.com,447-291-2501x150,"6375 Martinez Trace Apt. 917
Jeffersonbury, PW 95722",Paulaport,Indiana,73131,2020-11-14
279,William Wright,peggy19@example.net,+1-920-869-1715x195,"2650 Deborah Meadow Apt. 950
Richardsside, PR 69870",Smithbury,Vermont,64999,2021-06-17
280,Thomas Houston,joel94@example.org,+1-863-303-4948,"0930 Justin Route Apt. 563
Port William, WY 80225",Smithberg,Connecticut,5736,2022-03-06
281,Arthur Parker,christopher21@example.com,(946)658-4087x393,"Unit 4991 Box 7349
DPO AE 30495",Collinsmouth,Wyoming,52868,2021-01-30
282,Melissa Mack,gperry@example.net,(585)755-9636,"7313 Kenneth Groves
Port Danielle, MH 89657",Anthonytown,New York,38025,2020-04-14
283,Donna Chavez,mary27@example.com,(477)352-0404x80496,"PSC 4611, Box 0909
APO AA 58685",Port James,Louisiana,11227,2020-01-17
284,Eric James,youngbrian@example.net,+1-421-431-3177x022,"50491 Williams River
East Donna, WI 45048",East Clarence,South Dakota,5728,2025-02-25
285,Jason Smith,nicole34@example.net,+1-519-217-0249x3493,"65976 Ruben Drive Suite 209
Moorefurt, MD 24841",Justinton,Florida,86850,2023-12-08
286,Kimberly Green,donnagreen@example.net,284-764-1352,"444 Claire Ridge
Courtneyside, NY 96920",Lake Philipport,South Carolina,24414,2020-06-02
287,Joseph Schultz DVM,shannondrake@example.net,604.962.1251x78697,"7587 Renee Glens
Latoyaside, TX 03910",Savagechester,Indiana,30082,2024-01-27
288,Craig Blackburn,cfoster@example.net,981-314-4640x20904,"982 Christina Tunnel Suite 649
North Douglas, CA 02003",Lake Virginia,Texas,96832,2021-02-12
289,Jessica Rojas,laurenking@example.com,+1-819-501-6989x744,"55528 Smith Light Suite 774
East Jaime, VA 27615",New James,North Dakota,75731,2022-04-29
290,Susan Henry,collinsabigail@example.net,573-766-4295x1449,"9772 Lori Keys Apt. 863
Goldenstad, NH 90371",Davismouth,New York,31604,2024-05-07
291,Barbara Ortega,obrienshirley@example.com,(757)738-8714x2531,"56845 Valerie Wall
Aprilview, MO 72314",Alexaville,Colorado,45127,2022-12-27
292,Carolyn Flynn,jeffrey72@example.com,(887)218-1440,"2387 Nancy Causeway Apt. 676
Lake Michelleland, SD 88086",Bushburgh,Rhode Island,35301,2025-04-18
293,Tara Frey,michaeljohnson@example.org,+1-209-229-1657x099,"718 Ross Forest
West Roy, ID 70728",Lake Roberto,Arizona,29453,2024-12-12
294,Rebecca Espinoza,tranrebecca@example.org,+1-715-859-2804x028,"USNS Berry
FPO AP 20416",Anthonyfort,Nevada,15570,2021-05-16
295,Jeffrey Weiss,larryrobbins@example.org,203.536.8746,"00819 Lopez Turnpike
Savannahside, NY 46293",North Christine,Alaska,59240,2022-12-28
296,Christopher Webb,lindsey54@example.com,532-238-9694x17553,"USNV Avery
FPO AA 31464",Ronaldmouth,Indiana,29742,2021-08-03
297,Jenna Mendoza,stewartalexander@example.com,001-444-676-1040,"559 Robert Brooks Suite 434
Goodwinchester, GU 52453",Bryanmouth,Vermont,18709,2021-10-24
298,Natalie Cardenas,scottthompson@example.org,872-231-0628x8546,"9569 Erica View Suite 253
New Natalie, AR 95031",North Christina,Nebraska,47081,2022-05-28
299,Rachael Harrison,mdalton@example.net,(307)223-3136x2151,"83704 Courtney Roads
Barkerbury, VT 61505",Lake Kristinberg,Minnesota,95324,2023-05-07
300,Megan Lucas,yjones@example.com,249-271-3511,"Unit 7740 Box 8837
DPO AP 40870",Jacobsshire,Oklahoma,69727,2021-10-27
301,Lisa Lopez,priceandrew@example.net,001-856-230-1700x82824,"93277 Wesley Mountain
Sullivanfort, CO 85600",North Amyville,Nevada,82469,2022-12-26
302,David Anderson,pattersontyler@example.net,001-650-581-2743x148,"99222 Duran Lakes
Paulstad, IL 99252",Conradshire,Hawaii,14040,2020-12-17
303,Shannon Maldonado,cbradley@example.org,282.541.8865x64920,"424 Pamela Place
Nicolefurt, NJ 22285",Kentview,Massachusetts,74594,2022-02-22
304,Mariah Ellis,bboyd@example.com,8997823778,"42822 Elizabeth Via Suite 771
Nathanland, SC 10432",West Matthew,Montana,22150,2022-04-13
305,Sara Berger,dwilliams@example.net,238.929.7223x0171,"643 Sheila Court Apt. 238
Kevinhaven, KS 83992",South Amyberg,Arizona,35969,2025-02-10
306,Jason Fleming,nwest@example.org,996-836-0029x735,"5817 Bradley Burg
West Stephen, LA 40347",Davisland,Tennessee,94222,2024-10-07
307,Heather Hickman,latasha39@example.org,730.784.1197,"0692 Chad Point
Micheleport, LA 54544",North Nathan,Washington,87178,2020-12-17
308,Jason Rodriguez,deborahobrien@example.org,(794)958-5461x932,"PSC 0948, Box 4213
APO AE 55118",West Amberside,Oklahoma,10730,2023-12-12
309,Brent Lyons,jennifer18@example.net,275.807.1587x64904,"535 Teresa Mission
East Kellyview, MO 50565",South Kimberly,New Mexico,13515,2022-01-18
310,Diane Tapia,christopherjackson@example.net,+1-293-634-7554,"99934 Brent Landing
Andersonshire, CT 46153",Lake Kimberlyburgh,Florida,68037,2024-04-22
311,Sandra West,joseph98@example.net,(991)602-7362x779,"847 Courtney Mills Apt. 011
South Robert, AK 29055",Michellefort,California,76559,2023-08-04
312,Danielle Ruiz,jackphillips@example.net,+1-925-615-9200x9872,"USCGC Gonzalez
FPO AE 24441",Port Andrea,Florida,72358,2025-01-08
313,Connor Wright DVM,daniel56@example.net,001-648-935-8467x080,"0782 Williams Hills Apt. 847
Petersontown, AZ 07999",New Marilyn,North Carolina,63886,2022-06-12
314,Crystal Stephens,mossjulie@example.net,+1-743-809-3276,"43528 Romero Circle Suite 387
Smithport, IL 15267",South Christophertown,Mississippi,48631,2020-03-30
315,Kelsey Hendrix,beckywilliams@example.net,453-547-0210x9695,"224 Kelly Lodge
South Scott, AS 25786",New Carla,Arkansas,3262,2024-06-30
316,Christine Harris,eric26@example.net,732-436-5712,"4873 Robert Dam Apt. 865
East Johnburgh, MH 04002",North Marcus,Nebraska,10247,2021-04-20
317,Tyler Bryant,samuellarsen@example.net,001-655-933-5032,"29161 Lisa Isle Apt. 197
South Joshuastad, LA 06915",South Emilyshire,Alabama,73025,2020-02-03
318,Darius Wiggins,faith27@example.com,(353)831-9371x7589,"20096 Oneill Cove Suite 098
Lake Kelseyfort, GU 04046",Keithchester,Ohio,87399,2024-07-18
319,Rachel Duffy,dylanmitchell@example.net,001-383-418-2519x793,"Unit 8550 Box 6511
DPO AA 51298",South Jessicamouth,South Dakota,81873,2020-02-01
320,Connor Meyer,pcarter@example.net,(932)503-1162x972,"344 Vazquez Roads Suite 180
Jenkinsside, IA 95993",New Samantha,Michigan,30325,2022-09-24
321,Erica Nguyen,hamiltonscott@example.org,(857)425-0311x95959,"74278 Anna Highway
Bradymouth, AL 23239",West Ronald,Kentucky,92002,2020-12-15
322,Amanda Dorsey,pmoyer@example.org,316.619.3462x389,"1324 Keith Crossroad Suite 954
Victoriashire, AR 11575",Jonathanfort,Hawaii,83365,2022-11-08
323,Donald Lee,ashley13@example.net,001-669-876-9950,"30095 Welch Garden
West Sarafort, AR 26440",South Kenneth,Colorado,52165,2021-07-15
324,Matthew Peterson,hendersontravis@example.com,+1-767-584-6511,"Unit 8346 Box 1392
DPO AE 51858",Guzmanshire,Massachusetts,19402,2022-05-16
325,Penny Bates,nhenry@example.net,894.240.2586x8110,"609 Wu Inlet
Rossville, FL 80471",East Krystalburgh,Mississippi,68219,2021-06-18
326,Mr. Daniel Sanchez Jr.,greenangela@example.net,8056265004,"4710 Khan Prairie
North Cheryl, MO 24380",South Scottland,Tennessee,97437,2022-03-07
327,Monique Aguilar,rubiorobert@example.net,001-712-541-1669x16926,"258 Ernest Oval Apt. 610
Owensstad, OK 50301",Nicholasborough,West Virginia,23742,2024-02-25
328,Beverly Sellers,mgonzales@example.com,7927987774,"6851 Nelson Green
Jamieborough, NH 06681",Sharonport,Maryland,32030,2023-01-30
329,Diane Hughes,henryjulie@example.net,262-391-6337,"9099 Christian Plains
South Richardview, IL 54696",West Toddstad,New Mexico,33465,2020-01-22
330,Ann Morales,birdandrea@example.com,(442)852-7043,"5036 Morgan Drive
New Jesseside, MP 16073",Lake Scott,Colorado,13678,2022-08-19
331,Jason Thornton,danielbarton@example.com,+1-214-306-0328x05972,"484 Ortiz Station Apt. 435
South Blakebury, MI 44591",Herrerashire,New Mexico,18746,2025-03-29
332,Charles Whitaker,lisawells@example.org,870-255-9584x013,"907 Theresa Mall
New Curtis, AZ 42660",Lake Juliachester,New Hampshire,6266,2021-01-31
333,Brooke Schmidt,mccarthykathleen@example.net,784.827.4122x8651,"PSC 7159, Box 6702
APO AE 72818",West Laura,Colorado,28738,2024-03-12
334,Amber Thompson,johnsontrevor@example.com,7877455634,"5224 Cook Lights
Thompsonside, GA 42286",East Joshua,Kentucky,40225,2020-11-27
335,Katherine Jones,lozanomelissa@example.com,484.971.2212x051,"42077 Chad Ridge Apt. 471
Barrytown, PR 56840",West Abigailland,Idaho,52928,2023-06-12
336,Jennifer Cabrera,isabella58@example.com,001-494-287-8514,"USNS Aguilar
FPO AA 41390",North Kimberly,New Hampshire,61924,2023-02-23
337,William Thompson PhD,frichardson@example.com,812-285-8085x674,"989 Ware Glen
South Mariefort, CO 08863",Jonesfort,Montana,6308,2021-11-08
338,Nicholas Lewis,ktaylor@example.org,931-910-9202,"2362 William Drive Apt. 359
Jessicaside, NE 64272",West Nicholasfurt,Oregon,84563,2020-11-02
339,Kathleen Parker,tranjoseph@example.com,571.673.4363x608,"54894 Jeffery Plaza
Paulside, MS 00604",Port Lisa,Texas,51888,2024-01-18
340,Kristy Nguyen,lynn57@example.org,952.329.1884x5972,"288 Curry Mountain
Caitlynbury, VI 91316",Jaredview,Washington,20462,2021-11-27
341,Amanda Barr,brianmejia@example.com,+1-479-242-8106x048,"893 Gonzalez Garden Apt. 755
East Luis, ND 12190",West Joseph,Colorado,50603,2022-02-06
342,Daniel Lopez,andrew57@example.org,5139272404,"2757 Collins Circles
Lake Christina, MH 31444",Macdonaldtown,Wisconsin,86780,2020-02-01
343,Stephanie Rich,nprice@example.org,(926)815-8810x9110,"11177 Mcconnell Land
Christinafurt, TX 16325",Lake Jenny,Ohio,11864,2021-06-04
344,Matthew Collins,pvaldez@example.org,(386)725-4448x946,"8694 Cory Ramp Suite 739
Lesliemouth, UT 89091",West Rhondaton,Arizona,63932,2024-09-28
345,Donald Bennett,kimberlysmith@example.org,469-540-3900x88443,"69098 Blake Orchard
Robertberg, PA 42515",Port Blakeberg,Ohio,55529,2020-04-16
346,Kristina Gordon,dbishop@example.net,8925920944,"62735 Shepard Circles Suite 506
Jasonton, MI 34232",Port Emilyside,Colorado,66461,2025-04-03
347,Gregory Wagner,amy33@example.net,(456)575-2835x7678,"584 Ruiz Inlet Suite 260
North Jeffreyfort, DE 19774",Lake Nicoleland,Louisiana,49578,2021-10-08
348,Veronica Ruiz,carlsonbarbara@example.org,+1-846-703-1627x53171,"1131 Chad Parkways Suite 252
Johnhaven, CA 73965",New Dana,Nebraska,10139,2025-04-09
349,Scott Lawson,aneal@example.org,+1-636-717-9757x2205,"0993 Chang Crossing Apt. 715
Carterchester, VA 76896",Johnsonfort,South Carolina,88939,2021-10-11
350,Mrs. Tammy Watson,blee@example.org,001-784-838-3742x236,"32506 Gabriela Shore
East Trevorview, AZ 27957",Michaelburgh,Alabama,34714,2023-10-20
351,Alicia Wood,marisa34@example.com,+1-559-402-7432x16183,"3492 Norton Forges
Colemanshire, CA 08783",West Edward,Arkansas,77709,2022-12-13
352,Patricia Lloyd,hernandezdavid@example.net,001-505-686-9862x1530,"59599 Grant Cliffs
East Cindymouth, NC 94974",Samanthamouth,Indiana,44255,2021-11-09
353,Willie Sosa,edgar41@example.org,(747)910-3612x284,"296 Williams Summit Apt. 864
North Randyfort, AK 26277",Lake Nancyberg,South Dakota,60765,2024-09-22
354,Stacy Weaver,carrkerri@example.com,729.566.7891x370,"382 Bailey Trafficway
Bennettmouth, DC 98777",East Ryanstad,Illinois,23202,2024-12-14
355,Anna Allen,wardrandall@example.net,(596)408-4084x0600,"11612 Rodriguez Trail
East Gregoryfurt, SD 36035",North Laura,New Mexico,47800,2023-05-26
356,Jose Figueroa,stonedylan@example.net,(778)439-0939,"084 Whitney Drive Apt. 368
Lake Christina, PW 52374",Port Susanside,Wisconsin,96840,2023-02-13
357,Barry Terry,ashleysimmons@example.org,968-898-3023,"24520 Lewis Isle
Myersborough, LA 25306",Kathrynton,New Hampshire,44114,2024-01-11
358,David Medina,randalltina@example.org,(530)769-2102x973,"640 Day Junctions
Jasonton, PW 59697",East Annborough,Connecticut,75478,2023-03-24
359,Richard Johnson,mblackwell@example.org,001-963-879-7669x1227,"1086 Glover Trace Apt. 272
East Justin, IN 81664",East James,Wisconsin,75502,2020-01-25
360,Jeffrey Thomas,birderic@example.com,001-908-509-0471x306,"9277 Jesus Locks
Port Charles, DC 84586",Lake Patriciaport,Colorado,93995,2022-06-16
361,Sherry Wilson,raymondlisa@example.com,920-919-0967x70113,"93657 Brown Manors
Johnmouth, VA 69265",Jenniferberg,California,61772,2021-03-09
362,Thomas Ray,rachelhamilton@example.net,653-853-9194,"684 Torres Tunnel Apt. 491
Amyville, IN 96300",Jefferyland,Montana,50662,2024-12-06
363,Heather Blevins,williamfields@example.com,846-360-1351x7477,"302 Ricky Spring
East Nathan, FM 61354",North Michelle,Michigan,18162,2023-08-08
364,Daniel Johnson,erichards@example.org,+1-857-724-1424x986,"69637 Amanda Inlet Suite 014
Jenniferborough, NJ 57267",North Shelly,Georgia,99601,2024-01-15
365,Maria Alvarez,reidnathan@example.com,641-952-1579x2787,"61672 Phyllis Dam
Robbinsstad, NH 67047",Michelleport,Texas,89226,2023-10-26
366,Calvin Conner,kevinscott@example.org,8694487290,"8851 Lambert Island
Pattersonton, PW 82853",Thompsonberg,Illinois,57350,2022-01-01
367,Patricia Shelton,katherine16@example.net,212.301.5983,"57178 Sean Ways Suite 740
Donaldburgh, IA 58557",New Paula,South Dakota,85142,2024-02-26
368,Kyle Clark,willie37@example.com,+1-775-781-6934x843,"293 Ashley Loaf
Frederickmouth, CA 36868",Arthurburgh,Tennessee,90654,2022-11-16
369,Melissa Hess,larrywoods@example.com,(405)932-5903x80363,"8940 Long Ports
Lake Garrett, AZ 20914",West Christineton,Arkansas,58417,2024-07-24
370,Lisa Crawford,davisrussell@example.com,(882)863-8916,"USCGC Green
FPO AA 54013",West Hector,Kentucky,81507,2022-10-14
371,Joseph Bailey,petermiller@example.com,(210)833-6593x8282,"Unit 6819 Box 0868
DPO AA 95230",Jenniferburgh,New Hampshire,24155,2022-01-03
372,Antonio Johnson,johnshannon@example.com,001-867-790-6254x0787,"186 Gordon Brook
Hernandezton, WA 44598",Lisabury,Oregon,24669,2022-06-04
373,Susan Sweeney,ymccann@example.org,561.461.8717,"Unit 5429 Box 2052
DPO AA 15733",Port Kimberly,Oregon,58925,2025-04-12
374,Leslie Khan,davidrivera@example.com,(288)509-7513,"69165 Flynn Lake Apt. 346
West Victoriahaven, AS 56280",Williamborough,Minnesota,92356,2021-02-04
375,Justin Rivas,bmercado@example.net,556.521.8668x5834,"7726 Arroyo Lakes Suite 659
Kirbychester, PW 67374",South Josephfurt,Maryland,59581,2022-06-27
376,Shane Lopez,nhoward@example.net,785.876.8193,"87871 Thomas Points
Sierraland, NE 68967",Frederickfurt,New Hampshire,84742,2023-09-24
377,Marcus Schultz,lsoto@example.org,+1-590-333-8939x727,"64159 Mcconnell Haven Apt. 849
Ruthport, WI 66343",South Rachel,Maine,12274,2023-06-17
378,Jacqueline Haynes,courtney41@example.com,(902)597-3359x24319,"72913 Reynolds Row Apt. 661
Port Christopher, NM 08459",New Jeanmouth,Pennsylvania,33117,2021-04-26
379,Jamie Bowman,matthew06@example.com,001-857-945-9450x02369,"573 Price Trail
Jacksonport, KY 98010",South Nathan,Texas,97600,2024-03-28
380,Maria Kelly,cameronwilliams@example.com,(505)880-8765x334,"161 Crystal Stream Suite 724
North Kelsey, IL 02304",Richardbury,Massachusetts,76214,2025-01-30
381,Diane Ingram,sarah69@example.com,362-305-5700x9001,"11682 John Fork
Port Christinabury, AL 92965",Lake Alexisland,California,77651,2021-05-16
382,Raymond Miller,jamesdillon@example.com,2982534769,"9668 Ross Club
South David, MT 92661",Garnermouth,New Mexico,95867,2021-07-08
383,Casey Keith,rebecca56@example.net,481.971.9137,"4710 Day Rapid Apt. 079
West Joshuaside, FM 93053",West Reginald,Vermont,84346,2021-10-19
384,Melissa Davis,justin78@example.net,3526645955,"7921 Walsh Bridge
Robertsville, SC 03982",South Victoria,Massachusetts,34985,2022-12-24
385,Kimberly Adkins,allenbowers@example.com,472.612.8011,"37601 Matthew Centers
Graystad, OK 56038",Littletown,Illinois,59274,2021-07-19
386,Connor Chavez,danielle50@example.net,(711)446-7187x747,"8939 Smith Extensions Suite 526
Rodneyview, MT 74312",New Williamport,South Dakota,94977,2021-09-06
387,William Hernandez,joseph59@example.org,(530)483-5469,"1557 Alan Circle Apt. 901
Anthonyburgh, CT 00810",North Donna,Kentucky,34784,2021-08-11
388,Matthew Daniel,michael42@example.org,876.270.1131,"80533 Curtis Port
North Jonmouth, MT 06610",Navarrohaven,Arizona,44154,2024-07-21
389,Patrick Clements,jenniferadams@example.net,353-631-8083x26121,"097 Baker Pike
Smithview, LA 90147",West Timothystad,Illinois,75037,2020-01-04
390,Amy Haney,daniel24@example.net,001-300-262-5817,"70603 Sheri Skyway Apt. 323
Sanchezbury, VI 04209",North Jennifer,Ohio,88554,2021-08-31
391,Danielle Smith,bclark@example.net,435-860-9079x15011,"1751 Khan Springs
South Christopher, CO 86366",West Leslie,Vermont,21648,2023-06-16
392,Andrew Lawson,mwilliams@example.com,373.682.9679x941,"8994 Joshua Wall
Kruegerberg, WY 19524",Tylerhaven,Indiana,77864,2020-07-25
393,Brittany Harris,lorigray@example.org,(547)778-9494,"967 Cynthia Pass
Ramirezborough, AL 31065",Jodishire,South Carolina,34811,2021-12-12
394,Cody Payne,christopherbrewer@example.com,920-697-1193x63825,"365 Quinn Square Suite 016
Adrianafurt, NC 22269",Lindachester,Florida,11201,2024-04-02
395,Brianna Lee,jessicasullivan@example.net,839-826-0068x206,"83385 Brianna Stravenue
South Justin, PR 86400",New Andrewstad,Mississippi,80257,2022-04-06
396,Timothy Anthony,benjamingriffin@example.org,862.715.6702x686,"4686 Hernandez Street
Rodneychester, ME 88026",New Joseph,Kansas,25194,2021-03-27
397,Denise Reyes,molinaautumn@example.net,325-921-4330x133,"1454 Kelly Road
Shannonside, GU 22287",Lake Matthew,North Dakota,76975,2020-03-09
398,Stephanie Simmons,psmith@example.org,(213)686-2186,"3050 Raymond Brooks
Brianview, WI 95126",Russoview,Maryland,79593,2021-04-30
399,Heidi Robinson,jenniferriley@example.net,+1-773-789-4543,"522 Daugherty Center
Campbellchester, TX 63634",South Courtney,Montana,41586,2021-06-04
400,Gary Evans,reynoldschloe@example.net,672-245-1654,"PSC 0158, Box 9876
APO AE 95422",South Stevebury,Alaska,21169,2023-02-13
401,Timothy Jensen,nicholasfranklin@example.org,001-995-521-5017x20220,"Unit 8199 Box 3240
DPO AP 14997",Scottton,New Jersey,33387,2024-10-24
402,Noah Collins,dterry@example.com,878.276.5742,"9339 Haley Shoals
North Janet, TN 10562",Joshuaton,Nevada,37949,2024-01-17
403,Julia Martinez,lindsay12@example.org,+1-387-773-0446x918,"594 Harris Knolls
Rachaelton, NH 43463",North Diamond,Florida,36459,2021-09-01
404,Ana Harrison,stephenswilliam@example.com,(667)423-9649,"436 Elaine Stream Suite 896
North Susanmouth, AS 64515",Port Sherry,Indiana,91233,2022-01-08
405,Rachel Nicholson,brianna43@example.org,939-702-1371x63839,"05727 Elliott Junctions Suite 380
Huntview, CO 04016",Port Andrew,South Carolina,20789,2023-04-01
406,Patricia Holder,gutierrezwilliam@example.com,(676)714-1128x63877,"264 Amanda Crest Apt. 598
Michaelborough, AZ 74381",Smithberg,Minnesota,47606,2024-04-15
407,Charlene Adams,kristina24@example.net,995-619-8252,"31508 Gary Ramp
Port Omarstad, IN 01086",Hallville,Massachusetts,88224,2022-06-21
408,Jillian Perry,tammy23@example.net,(578)844-1400x489,"6433 Kimberly Route
Hansenville, CO 66555",Parkerville,Tennessee,69161,2025-03-19
409,Kathy Mooney,ariel02@example.com,597-862-2903x3927,"1945 Christopher Way Apt. 721
North Sheriville, NM 81149",Pierceberg,Maine,66790,2023-06-09
410,David Fields,jenniferperez@example.net,+1-851-807-3324x62483,"765 Carter Ridge
Lake Lauriemouth, KS 64222",Mcdanielstad,Maryland,6518,2024-06-02
411,Tracey Ortiz,lhill@example.net,001-537-501-2610x952,"6448 Jessica Branch Apt. 823
New Jenna, CO 55461",South Miguel,North Carolina,83150,2021-05-13
412,Patricia Flowers,ashleycarr@example.net,+1-450-466-6612x789,"06130 Jonathan Parkway Apt. 108
Vasquezchester, CA 31521",Christopherton,Florida,10733,2022-02-15
413,Casey Brown,rshepherd@example.net,(941)257-1332,"4913 Heather Ways Apt. 304
Marieburgh, AR 97422",East Randy,New Hampshire,39053,2025-01-07
414,Stephanie Lewis,robinrusso@example.org,001-861-279-9748,"506 Walsh Place
South Tiffany, WA 33699",Alexandriaview,Oregon,45499,2023-01-28
415,Tony Roberts,jrivera@example.org,+1-925-262-2124x60705,"432 Brown Burgs
Ryanbury, KY 18424",Port Nathaniel,Oklahoma,25032,2022-07-13
416,William Collins,baileyshane@example.com,001-309-963-2206x454,"0150 Barnes Meadow
Benjaminshire, MI 20251",Sarahview,Texas,9839,2022-12-27
417,William Buchanan,haynesangela@example.org,321-969-6301x8370,"9806 Carter Turnpike
West Samantha, AR 85419",Meganbury,Illinois,55412,2022-02-01
418,Shari Murray,hannah21@example.com,(681)510-3886x00917,"2234 Hess Tunnel
Hernandezton, AL 63640",North Douglasshire,Idaho,58039,2024-07-10
419,Beth Watts,jimenezbryan@example.com,587.400.4001x06165,"674 Adam Crossing
Lake Cynthia, MI 51233",Roberttown,South Carolina,47589,2023-01-08
420,Jason Lara,robert37@example.com,881.397.9260x771,"3263 Bryan Light Apt. 484
Lake Shannon, NE 16679",Scottshire,New Hampshire,85092,2022-10-20
421,John Aguilar,zjohnson@example.net,001-616-412-2216x843,"050 Sean Plains Apt. 732
North Ryan, OH 81079",South Samuelstad,Michigan,93464,2022-09-02
422,Carly Evans,katie60@example.net,257-739-4246x801,"71086 Medina Plains
North Laura, DC 13213",Alexanderchester,Iowa,63625,2023-04-28
423,Shannon Moreno,ipreston@example.org,+1-787-241-9669x843,"Unit 9215 Box 5312
DPO AE 71157",Mikeville,Iowa,83497,2023-01-08
424,Thomas Beasley,justinalexander@example.org,+1-640-373-3405x645,"Unit 3996 Box 0470
DPO AA 69193",Port Ashleyville,Virginia,75725,2020-02-21
425,Steven Williams,tiffany95@example.org,001-858-875-1744x7954,"24314 Carolyn Summit
West Marvinton, MN 97400",Port Jennifermouth,Louisiana,74161,2024-12-02
426,Mary Murphy,michelejenkins@example.net,724-291-7401x941,"8677 Robert Flats
Jessicafort, AK 36066",Lake Davidfurt,Oregon,76260,2020-08-30
427,Cristian Baker,xrobertson@example.com,+1-720-387-6590,"46202 Meyer River
Velezberg, CA 31718",South Terrance,Alaska,9100,2021-12-26
428,Jessica Sanders,danaferguson@example.com,+1-254-572-1036x86866,"415 Thomas Plains Apt. 705
Lake Robinton, PA 16917",Port Carlos,Mississippi,90390,2022-06-29
429,Cheryl Wright,joseph85@example.com,368.337.6908x834,"8510 Kimberly Junctions
Hayesville, MO 91804",New Jameston,Wyoming,7010,2023-08-30
430,Jermaine Fernandez,wheelerrobert@example.org,(589)719-7434x461,"7509 Dixon Ville Suite 663
East Michaelborough, CO 87943",Lake Mary,Ohio,14842,2025-01-01
431,Marilyn Johnson,natasha94@example.net,296-998-7785x58882,"216 Brenda Heights
Lesliechester, KS 65819",South Jasmine,Colorado,18516,2023-01-25
432,Francisco Baker,watsonthomas@example.net,+1-901-421-2266,"7893 Smith Glen
Lake Rhondafurt, NC 79008",Port Sethstad,New Mexico,13549,2021-06-18
433,Gabriel Cervantes,ihowell@example.org,2337724293,"735 Jeremy Neck
New Angela, DE 46649",South Timothy,Nebraska,50877,2023-12-31
434,Wendy Briggs,iblackwell@example.com,(297)267-4082x751,"242 Rice Creek
Gomezview, KY 10500",Port Gregoryfurt,New Hampshire,68750,2023-05-13
435,Kayla Vasquez,robin13@example.net,5479344791,"45094 Lindsey Corners Apt. 890
Lake Joseph, AS 86959",South Jesustown,Louisiana,30528,2021-08-25
436,Ashley Hughes,patrickrivas@example.org,951.724.3964x358,"497 Reese Bridge Apt. 601
Michaelbury, OK 26729",West Sara,California,13932,2022-12-09
437,Ryan Gilbert,susanmitchell@example.net,308.870.8893x97274,"6285 Richard Locks Suite 081
Goodport, MA 14833",Simsport,Mississippi,80119,2023-09-02
438,Melissa Terry,thomasrobert@example.net,(432)761-5089,"784 Woodward Glens Suite 826
East Brittneyburgh, NE 53012",Sethmouth,Kentucky,33598,2024-09-15
439,Amy Glenn,longkeith@example.org,915-646-6979x96121,"3406 Rose Loaf Apt. 931
Vasquezville, NC 50291",East Joshua,Colorado,42082,2021-12-17
440,David Guerra,wdavis@example.com,936-205-7784x3344,"29875 Page Union Apt. 682
East Rhonda, DC 98904",Sherrifurt,New York,66084,2021-11-08
441,Jesse Nguyen,rhansen@example.org,+1-202-698-6284,"56973 Shelia Prairie
Francesshire, AS 39405",Carolinetown,North Carolina,25611,2021-11-27
442,Andrew Bryant,moodychristopher@example.com,(927)366-3740,"47380 Matthew Drive
Williamsonfort, AZ 37958",Lake Thomasfurt,New York,21845,2022-03-26
443,Molly Mcclure,timothyross@example.com,264-298-7593,"0478 Linda Fort
Beckerville, SD 28775",Santosland,Pennsylvania,87888,2024-09-12
444,Dana Glover,aaron32@example.com,001-508-940-1006,"76461 Rhodes Causeway
South Kathrynport, PR 68771",North Tarachester,Idaho,81991,2020-01-22
445,Shawn Bowman,wmiller@example.net,+1-562-651-3615x67427,"40887 Tracy Crescent
North Valerie, OR 92596",East Leonshire,Connecticut,28497,2020-09-17
446,Rebecca Collins,schwartzdavid@example.org,333-301-7258,"52477 Kelly Ports
Knappland, CO 24380",East Andrewstad,Hawaii,77292,2024-08-29
447,Patricia Pham,clairemeyer@example.net,+1-388-591-5526,"6292 Monica Dale
Port Coreyhaven, NY 15472",West Autumnfurt,Kansas,76092,2022-10-17
448,Shannon Brown,daviskevin@example.com,(910)681-8431x9975,"57296 Sullivan Mountain
North Austinberg, GA 02614",South Rebecca,New Mexico,58644,2022-08-24
449,Christian Holland,kathryn01@example.net,+1-540-318-5882x9654,"0936 Tina Plaza Suite 608
West Bonnie, NE 22645",Chenstad,Arizona,50765,2024-04-25
450,Kristen Jones,shannonthomas@example.org,620.409.6874x23070,"5447 Henry Lodge Suite 630
Seanstad, AK 60703",Harveyshire,Delaware,30224,2022-10-30
451,Ashley Greene,ikelley@example.org,620.580.4650,"227 John Harbor
Latoyamouth, AR 30022",Rebeccamouth,New York,32787,2020-05-16
452,Rebecca Hanson,clopez@example.net,263.801.5921,"3974 Johnson Fall
West John, NV 73201",Davidfort,Utah,92667,2021-10-07
453,Joshua Schroeder,david62@example.com,954-925-5703x992,"66542 Lawson Wells Apt. 098
Lake Michele, AL 25089",North Alex,North Carolina,72264,2023-12-27
454,Henry Taylor,aprilharper@example.net,916-843-5285,"52665 Wood Key
North John, IA 66418",Mendozaport,Indiana,76213,2022-12-27
455,Patricia Parker,angelicamurphy@example.net,(973)479-4687,"9862 Christina Point
Popeburgh, UT 23889",South Patrick,Connecticut,46198,2025-02-07
456,Shelby Gomez,michaelbarnes@example.com,579.729.8574,"97402 Howard Circle Apt. 427
Patrickside, WY 31548",East Donnaport,Idaho,93061,2020-03-13
457,Tony Barrett,timothy30@example.com,7413609226,"512 Williams Valley
Thomasshire, AR 04690",Robertfort,Mississippi,90825,2021-08-17
458,Lynn Hall,rebecca89@example.net,001-813-493-9832x5615,"06597 Sean Estates Suite 135
East Johnstad, WI 30283",Whiteborough,Illinois,69199,2020-04-11
459,Annette Barnes,pyoung@example.net,759-327-4255,"289 Emily Turnpike
Christianshire, FM 85393",New Sandra,Colorado,15235,2023-06-14
460,Amanda Smith,allenheather@example.com,9563333848,"5085 Montgomery Overpass Suite 872
New Jessicaport, HI 17918",Goldenton,Michigan,77121,2025-04-15
461,Mrs. Alice Alexander MD,victorterry@example.net,870.964.5217,"41893 Vincent Manors Suite 421
Youngview, CT 31724",West Markbury,Missouri,29325,2023-05-29
462,Henry Cline,ssexton@example.com,001-616-501-9732x512,"5788 Lopez Mountains
Huberborough, WY 64448",Kimberlyborough,Mississippi,38351,2021-07-22
463,Amanda Morgan,youngisaac@example.org,700.767.2310x78468,"5437 David Rapid
New Tamiton, NM 03164",New Lisaton,Montana,44586,2021-06-01
464,Richard Schultz,kaitlynwood@example.com,839-413-1857x764,"7404 Figueroa Walks Apt. 523
South Raymond, MT 89140",Kathrynfurt,Colorado,37724,2025-03-13
465,Gregg Best,rodriguezmaureen@example.com,833-725-8908,"755 Kirsten Lane
Patrickside, ID 24230",Adamsfurt,California,80474,2021-06-28
466,Rachel Wilson,jaybarajas@example.org,001-812-747-5048,"Unit 4478 Box 8916
DPO AE 06064",Spencerview,Texas,10049,2022-03-30
467,Mrs. Christine Hampton,xjames@example.org,978.269.2008,"023 Allen Meadows
Lake David, MI 49382",Traviston,Arizona,52108,2022-11-27
468,Richard Le,jburns@example.net,(278)491-2931,"865 Wright Trail
Kruegermouth, GA 63448",Robinfort,New Hampshire,72417,2020-03-24
469,Joseph Hall,rachel04@example.com,610.327.1016,"0973 Marshall Shore Apt. 876
Edwardville, IN 98020",Ballmouth,Utah,37394,2022-03-15
470,Jessica Arias,tiffanytyler@example.org,236-810-8631,"PSC 4729, Box 3262
APO AP 72415",Nelsonview,Alabama,1882,2020-11-12
471,Shannon Perez,ashleyhurst@example.org,+1-582-924-0126x859,"USNV Mathews
FPO AA 56497",Richardton,Maine,13605,2021-02-18
472,Ryan Scott,frank56@example.net,(383)370-4491x1045,"488 Robert Spring Apt. 239
Mitchelltown, TX 94035",North Vincent,Utah,9025,2023-12-17
473,Christina Mcmahon,michael15@example.org,+1-278-204-7882x688,"15049 Cummings Radial
New Michael, IL 25916",Gallegosview,Alabama,34567,2021-08-27
474,Richard Sawyer,uhorton@example.net,+1-588-967-2009x1693,"1884 Alexander Pike
Brianburgh, MN 73572",New Michaelstad,Massachusetts,33408,2021-07-21
475,Lauren Lopez,xfriedman@example.net,425.899.2059x9197,"623 Jacobs Garden
South Danielleshire, CA 49023",East Melanie,Minnesota,84531,2020-05-22
476,Ian Walker,michael47@example.org,+1-737-224-7091,"09033 Snyder Center
Lake Sarahtown, MH 94579",Bryanside,North Carolina,37091,2022-05-26
477,Christopher Nelson,willie43@example.org,443.697.0801,"82803 Kathryn Drive Apt. 135
Lake Amber, NV 60904",Kimberlytown,North Dakota,73641,2025-01-20
478,John Hernandez,hannah45@example.net,888-984-5002x8786,"80145 Martinez Tunnel
West Autumnton, SC 73768",New Steventown,Wyoming,90308,2023-05-19
479,Melissa Moore,jeff35@example.com,+1-618-839-0314,"36205 Laura Ways Apt. 985
North Brianton, AS 41076",Port Travisbury,Delaware,56531,2022-05-18
480,Christopher Fuentes,oscar88@example.net,558.203.8799,"3745 Walker Passage
Jacobfort, NE 09725",Lake Timothymouth,Iowa,73517,2023-01-27
481,Megan Paul,jesus60@example.net,001-839-833-5926,"97486 Jacqueline Shores
Ashleystad, IN 13341",East Scott,Pennsylvania,78135,2022-01-14
482,Calvin Fernandez,hperkins@example.org,+1-695-857-5895x291,"386 Matthew Tunnel Apt. 590
Davidville, IA 94090",North Tracyburgh,South Carolina,26555,2020-02-02
483,Robert Rogers,ryankelley@example.org,378-416-7675x890,"86666 Howard Square
East Matthew, SD 58240",Micheleville,New Hampshire,25589,2024-04-17
484,Dr. Joy Castro,debrathomas@example.net,945-574-3616x954,"447 Swanson Island Suite 487
Johnsonbury, DE 43778",Gibsontown,New Hampshire,14536,2021-01-14
485,Julia Williams,aprilcardenas@example.org,001-446-740-9471x20571,"7863 Vasquez Heights
West Erintown, AS 54137",Amyland,Virginia,91841,2021-11-12
486,Kristen Lamb,wmatthews@example.com,386.866.5482x567,"30563 Aaron Vista
Greenhaven, NC 86660",Davisville,Minnesota,99682,2022-08-10
487,Edgar Jensen,anthonyjohnston@example.org,+1-490-704-5898x22045,"255 Beth Squares
West Samanthastad, AZ 18370",Lake Barbarastad,Louisiana,6720,2022-09-05
488,Melissa Zhang,mariaalexander@example.com,3429996646,"Unit 3062 Box 1146
DPO AE 20824",Andrewsville,Texas,41399,2021-03-16
489,Rachel Arnold,kiddtammy@example.com,(728)362-6078x329,"6522 Mahoney Track
West Melanie, OK 74167",West Davidtown,New Hampshire,73806,2020-05-09
490,Dale Morales,morrissamantha@example.com,(654)857-1216x0793,"06802 Michelle Crossroad Suite 468
East Alexisstad, AK 39011",South Rachelton,Montana,14506,2021-06-08
491,Christina Boyd,jack84@example.org,001-916-514-7700x65127,"88686 Wilson Mews Suite 507
Martinezmouth, ID 26219",Dennisburgh,Idaho,12024,2021-10-18
492,Lindsey Carlson,eschultz@example.org,696-669-5393x475,"775 Kristin Mission
Lake Kristenberg, FM 31277",Port Katherinemouth,Alabama,32161,2020-03-25
493,Donald Morris,wanderson@example.net,630-515-2916,"045 Roberts Locks Suite 762
Port Penny, DE 29465",West Ashleymouth,Kansas,28864,2022-04-28
494,Melissa King,clarkjoshua@example.org,(762)950-1815,"0190 Kathleen Village Apt. 974
South Wyatt, UT 77924",North Jose,Hawaii,29034,2020-04-21
495,Phillip Boyd,jamesmiller@example.com,414.718.2482,"94030 Thomas Gardens
Port Alicia, FM 31774",Leviton,Tennessee,76027,2024-09-20
496,Paige Morris,henrygregory@example.org,+1-354-342-4043x0031,"6778 Robin Overpass Apt. 993
North Michael, TX 36786",East William,Maryland,11628,2022-06-16
497,Brian Patel,bharris@example.net,001-361-846-1061x9429,"2996 Gonzalez Burgs
Mayland, CT 21065",Thompsonmouth,Idaho,47352,2024-10-09
498,Alexis Robinson,murphyrichard@example.com,+1-227-510-9565x146,"4655 Mitchell Grove Apt. 311
Joyshire, IA 24422",Port Jose,Rhode Island,13738,2022-02-03
499,John Hanson,antonio42@example.net,677-277-5810,"78714 Charles Cape
North Tyler, MA 22379",Christopherville,California,34135,2020-03-08
500,Cameron Green,bergerjamie@example.net,955-538-4970,"9735 Davis Estates Suite 036
South Annashire, MD 57631",Allenstad,North Carolina,5651,2020-08-30
